<?xml version="1.0" encoding="UTF-8"?>

<AObject type="Unit">
	<name>SimpleUnit2</name>
	<dims width="60" height="40"/>
	<health max="100"/>
	<speeds>
		<ground val="50"/>
	</speeds>
	<createPoint x="61" y="41"/>
	<mountPoints>
		<p i="1" x="60" y="0"/>
		<p i="2" x="0"  y="40"/>
	</mountPoints>
	<img>
		<base src="/images/SimpleUnit2.png"/>
	</img>
	<miniIcon src="images/miniIcons/SimpleUnit_miniIcon.png"/>
	<buttons>
		<button>
			<action type="Simple">
				<command type="Move"/>
			</action>
		</button>
		<button>
			<action type="Simple">
				<command type="Create">
					<name>createSU</name>
					<hotKey>C</hotKey>
					<iconSrc></iconSrc>
					<unitType mod="default" name="SimpleUnit"/>
				</command>
			</action>
		</button>
		<button>
			<action type="Simple">
				<command type="Shoot">
					<name>Shoot SimpleWeapon 1</name>
					<hotKey>H</hotKey>
					<iconSrc></iconSrc>
					<mountPoint val="1"/>
				</command>
			</action>
		</button>
		<button>
			<action type="Simple">
				<command type="Shoot">
					<name>Shoot SimpleWeapon 2</name>
					<hotKey>G</hotKey>
					<iconSrc></iconSrc>
					<mountPoint val="2"/>
				</command>
			</action>
		</button>
	</buttons>
	<weapons>
		<weapon mod="default" name="SimpleWeapon" mountpoint="1"/>
		<weapon mod="default" name="SimpleWeapon" mountpoint="2"/>
	</weapons>
</AObject>
